Reading Date, 1 am kWh Consumption, 2 am kWh Consumption, 3 am kWh Consumption, 4 am kWh Consumption, 5 am kWh Consumption, 6 am kWh Consumption, 7 am kWh Consumption, 8 am kWh Consumption, 9 am kWh Consumption, 10 am kWh Consumption, 11 am kWh Consumption, 12 pm kWh Consumption, 1 pm kWh Consumption, 2 pm kWh Consumption, 3 pm kWh Consumption, 4 pm kWh Consumption, 5 pm kWh Consumption, 6 pm kWh Consumption, 7 pm kWh Consumption, 8 pm kWh Consumption, 9 pm kWh Consumption, 10 pm kWh Consumption, 11 pm kWh Consumption, 12 am kWh Consumption, Total On-Peak kWh Consumption, Total Mid-Peak kWh Consumption, * Total Off-Peak kWh Consumption
6/20/2022,0.919,0.479,0.452,0.435,0.466,0.456,0.447,0.924,0.896,0.589,0.492,0.441,0.416,0.43,0.442,0.934,0.67,0.818,0.854,1.151,1.37,0.998,0.992,1.008,3.333,4.573,9.173
6/21/2022,0.845,0.53,0.481,0.437,0.453,0.483,0.464,0.982,2.321,1.645,0.771,1.21,2.064,0.614,0.596,2.498,2.89,0.684,0.537,0.546,1.966,2.716,1.609,2.215,9.872,6.94,12.745
6/22/2022,1.577,0.644,0.559,1.627,0.901,0.5,0.543,0.628,0.907,0.596,0.584,1.694,3.095,0.657,1.613,2.504,0.836,1.075,2.853,2.674,2.385,2.33,2.738,2.183,10.399,6.643,18.661
6/23/2022,1.7,0.498,1.19,0.833,0.611,0.537,0.67,0.65,0.818,0.558,0.543,0.781,0.601,0.6,0.614,0.724,1.062,2.229,1.472,2.106,2.365,1.526,1.879,1.725,4.382,6.27,15.64
6/24/2022,2.086,1.866,0.568,0.503,0.488,0.512,0.516,0.826,0.886,0.792,0.981,1.696,0.85,0.691,1.57,2.395,1.271,0.661,3.121,2.896,1.136,0.915,1.288,1.586,8.473,7.267,14.36
6/25/2022,2.259,2.071,1.664,0.562,0.528,1.529,0.564,0.568,0.57,0.748,1.466,2.268,0.607,0.618,1.702,2.575,0.608,0.597,1.527,1.761,1.193,2.694,2.925,2.784,0,0,34.388
6/26/2022,2.359,0.641,0.804,1.165,0.493,0.492,0.491,1.732,0.622,1.028,0.925,0.914,1.433,2.212,2.245,0.873,0.78,3.352,3.601,3.057,2.865,2.156,1.292,1.827,0,0,37.359
6/27/2022,0.965,0.507,0.508,0.49,0.49,0.481,0.477,0.876,1.105,0.872,0.851,0.579,0.528,0.595,0.622,0.69,0.479,0.472,1.15,0.908,1.35,1.593,1.073,0.991,3.493,5.326,9.833
6/28/2022,0.668,0.6,0.609,0.533,0.507,0.479,0.642,0.699,0.594,0.482,0.486,0.453,0.464,0.491,0.482,0.642,1.047,1.061,1.308,0.975,0.975,1.388,1.38,1.181,3.579,4.63,9.937
6/29/2022,0.55,0.513,0.514,0.509,0.494,0.465,0.532,1.029,0.682,0.583,0.531,0.53,0.621,0.525,0.576,0.658,0.691,0.855,0.934,1.759,0.991,1.132,1.322,0.838,3.601,4.614,9.619
6/30/2022,0.67,0.578,0.504,0.477,0.498,0.486,0.489,0.492,0.885,0.566,0.677,0.776,0.832,0.989,1.17,2.668,2.606,0.832,0.541,0.685,0.875,1.958,1.601,1.407,9.041,3.993,10.228
7/1/2022,1.989,1.851,1.834,0.558,0.563,0.56,0.547,0.526,0.599,0.507,0.677,0.683,0.497,0.506,0.965,2.742,1.972,1.353,2.557,1.044,0.711,1.042,1.56,2.531,0,0,28.374
7/2/2022,1.425,1.268,1.433,0.571,0.585,0.585,0.575,0.564,0.805,0.95,0.946,0.66,0.952,1.654,2.917,3.493,2.749,1.466,1.071,1.49,1.205,1.281,1.314,1.197,0,0,31.156
7/3/2022,0.686,0.561,0.488,0.506,0.492,0.499,0.471,0.486,0.488,0.818,0.956,0.699,0.501,0.507,0.483,0.509,0.943,2.513,2.99,2.921,1.606,1.217,1.376,1.099,0,0,23.815
7/4/2022,0.764,0.666,0.609,1.635,1.941,1.539,0.574,0.563,1.113,0.664,0.643,1.008,0.666,0.642,0.675,0.68,1.582,2.917,1.336,0.847,0.768,2.53,2.245,2.267,5.253,7.236,16.385
7/5/2022,0.932,0.743,0.589,0.606,0.591,0.618,1.938,0.65,0.915,0.689,0.695,0.738,0.584,0.574,0.7,0.75,0.692,0.825,1.102,1.952,1.723,1.901,1.283,1.229,4.038,4.876,14.105
7/6/2022,1.93,1.907,0.546,0.504,0.486,0.492,0.612,0.487,0.795,0.658,0.734,0.709,0.713,0.697,0.763,0.84,1.788,0.912,1.437,1.669,1.105,2.168,0.987,1.427,5.51,5.023,13.833
7/7/2022,1.987,1.875,1.046,0.521,0.551,0.535,0.978,0.587,0.59,0.6,0.697,0.616,0.619,0.786,0.614,0.59,2.087,2.557,1.273,1.063,2.69,1.543,1.311,1.846,5.312,6.304,15.946
7/8/2022,1.97,1.924,0.92,0.568,0.541,0.554,0.544,0.496,0.895,1.097,0.961,0.699,0.971,0.735,2.044,2.148,2.487,2.425,1.87,1.179,2.53,1.685,1.169,0.865,9.084,7.744,14.449
7/9/2022,0.836,0.629,0.591,0.591,0.613,0.597,0.587,0.603,0.911,0.563,0.594,0.575,0.645,0.594,0.679,1.829,1.717,1.047,2.787,2.475,1.276,1.688,2.428,2.662,0,0,27.517
7/10/2022,1.26,0.841,0.623,0.577,0.534,0.554,0.56,0.562,0.746,0.769,1.741,2.092,0.867,0.83,0.904,2.06,1.362,2.072,2.838,2.899,1.147,1.508,1.499,1.723,0,0,30.568
7/11/2022,2.187,1.888,1.855,0.486,0.477,0.504,0.69,0.479,0.922,0.545,0.486,0.455,0.452,0.453,2.071,2.502,2.57,2.505,1.46,2.194,0.873,0.933,1.963,2.675,8.503,6.397,16.725
7/12/2022,2.307,2.034,0.585,0.536,0.554,0.551,1.703,1.165,1.006,0.891,0.899,0.643,0.72,2.425,1.445,1.017,1.676,0.914,2.546,2.502,1.146,1.253,1.911,2.178,7.926,7.421,17.26
7/13/2022,1.065,0.561,0.566,0.567,0.545,0.532,0.98,0.614,0.851,0.766,0.752,0.841,1.264,2.143,1.286,1.005,2.112,1.171,2.06,1.398,1.419,1.98,0.888,0.701,8.651,6.214,11.202
7/14/2022,0.638,0.59,0.556,0.562,0.545,0.553,0.835,0.68,0.827,0.937,0.744,0.717,0.796,0.766,0.713,0.786,0.67,1.295,1.875,1.412,1.367,1.355,1.304,2.172,4.448,6.358,11.889
7/15/2022,2.051,1.974,1.915,1.439,0.601,0.609,0.873,0.584,0.594,0.571,0.909,1.073,0.831,0.697,0.651,0.621,1.186,1.418,0.771,0.887,2.399,1.363,2.125,2.833,5.059,4.847,19.069
7/16/2022,2.548,2.147,1.348,0.771,0.696,0.718,0.68,0.827,1.246,0.594,0.535,0.527,0.549,0.501,0.532,1.358,1.919,0.856,2.987,3.039,2.132,1.397,1.646,1.262,0,0,30.815
7/17/2022,2.106,2.021,1.928,1.936,1.908,1.002,0.603,0.532,0.537,0.805,1.504,1.096,0.483,0.431,0.461,0.465,0.786,1.396,3.875,2.347,1.022,1.973,2.66,2.261,0,0,34.138
7/18/2022,2.149,1.51,0.599,0.576,0.538,0.528,0.632,1.901,1.025,0.55,0.655,0.928,0.723,0.731,0.65,1.045,0.884,1.89,1.822,1.272,1.965,1.904,2.901,2.153,4.961,7.843,16.727
7/19/2022,1.411,0.511,0.516,0.528,0.537,0.522,0.69,0.542,1.664,0.622,0.616,1.437,2.214,1.034,1.325,2.801,0.796,2.066,3.407,3.17,3.069,3.407,2.77,2.409,9.607,8.917,19.54
7/20/2022,0.895,2.377,2.349,2.259,1.146,0.605,0.829,0.629,1.218,0.648,0.602,0.726,2.045,3.191,1.978,1.245,2.861,1.511,4.112,3.691,3.512,3.286,1.74,2.206,12.046,8.72,24.895
7/21/2022,2.44,2.326,2.173,0.719,0.559,0.566,0.976,2.124,0.824,0.669,0.639,0.917,0.841,0.836,1.921,2.69,1.279,2.157,3.152,3.232,2.284,2.003,2.922,2.335,8.484,9.565,22.535
7/22/2022,2.106,0.78,0.529,0.521,0.516,0.525,0.726,1.988,0.667,0.765,0.918,2.744,2.839,1.088,1.609,2.934,2.952,2.798,3.319,3.026,2.705,1.37,1.147,2.255,14.166,10.455,16.206
7/23/2022,2.326,2.091,0.592,0.538,0.554,0.571,0.858,1.449,1.279,0.62,0.608,1.4,0.967,1.868,2.048,1.359,1.729,3.032,1.43,0.755,1.348,3.3,1.502,2.343,0,0,34.567
7/24/2022,2.511,2.237,2.129,2.085,2.084,2.088,0.705,0.502,0.566,1.246,1.065,0.846,0.756,0.714,0.664,0.781,0.766,0.795,1.068,3.011,1.634,2.664,2.243,1.131,0,0,34.291
7/25/2022,1.787,2.103,1.974,1.864,0.567,0.572,0.877,0.551,0.763,0.601,0.749,0.744,0.779,0.662,0.631,0.612,0.77,1.33,1.941,1.154,1.113,1.526,1.013,0.703,4.198,5.935,15.253
7/26/2022,0.617,0.501,0.511,0.502,0.479,0.498,0.653,0.496,0.765,0.805,0.657,0.612,0.86,0.839,0.738,0.715,0.772,1.016,1.945,1.148,1.218,1.527,1.702,1.849,4.536,5.684,11.205
7/27/2022,2.175,2.034,1.983,1.502,0.645,0.632,0.814,0.788,1.232,0.762,0.791,0.818,0.803,0.889,1.172,0.981,1.849,3.145,1.609,2.694,2.326,1.499,1.378,2.159,6.512,8.327,19.841
7/28/2022,2.017,1.788,0.533,0.535,0.556,0.507,0.667,0.737,0.871,0.572,0.629,0.645,0.549,0.529,0.537,0.521,0.633,2.906,3.564,1.858,1.793,2.265,1.789,2.249,3.414,9.279,16.557
7/29/2022,0.689,0.649,0.589,0.626,1.937,0.764,0.939,0.61,0.711,0.655,0.612,0.577,0.619,1.071,1.982,1.003,0.776,2.12,3.199,1.571,1.316,3.005,2.569,1.733,6.028,7.907,16.387
7/30/2022,0.674,0.562,0.552,0.566,0.538,0.571,0.845,0.541,0.553,0.55,0.565,0.572,0.561,0.528,0.517,0.595,0.569,1.933,1.916,0.552,1.697,0.996,0.621,0.706,0,0,18.28
7/31/2022,0.598,0.556,0.532,0.532,0.621,0.568,0.564,0.571,0.583,0.555,0.528,0.51,0.522,0.523,0.518,0.512,0.493,0.564,0.582,0.567,2.185,0.671,0.622,0.598,0,0,15.075
8/1/2022,0.586,0.554,0.539,0.524,0.51,0.515,0.586,0.604,0.583,1.375,1.139,0.558,0.553,0.538,2.035,0.553,0.514,1.956,3.1,3.091,1.602,1.908,2.796,1.279,0,0,27.998
8/2/2022,2.213,2.116,0.954,0.633,0.605,0.594,0.798,1.917,1.543,0.692,0.938,1.122,1.027,2.128,2.312,1.433,1.421,0.895,2.05,2.741,1.135,1.227,1.118,0.853,9.443,8.035,14.987
8/3/2022,0.687,1.869,1.806,0.509,0.526,0.529,0.967,0.542,0.597,0.643,0.778,1.252,0.86,0.906,0.623,0.859,2.896,3.113,3.399,2.223,1.246,2.164,1.638,1.81,7.396,9.072,15.974
8/4/2022,2.079,2.064,1.697,0.486,0.485,0.537,0.695,0.45,1.172,0.73,0.778,0.884,0.98,0.9,1.61,1.876,1.064,1.095,2.817,1.927,0.883,1.122,0.982,2.262,7.314,7.042,15.219
8/5/2022,2.138,1.991,0.932,0.572,0.555,0.563,0.869,0.575,0.793,0.549,0.852,0.79,2.081,0.965,2.062,1.363,2.763,2.871,3.705,3.562,1.977,2.03,1.537,0.886,10.024,9.345,17.612
8/6/2022,1.878,2.106,1.961,0.852,0.621,0.94,1.878,0.51,0.866,1.285,0.972,1.012,0.625,0.592,2.521,2.584,0.597,0.914,2.652,0.726,0.545,0.684,2.974,2.132,0,0,32.427
8/7/2022,2.683,2.363,2.309,2.251,2.187,0.751,0.594,0.601,0.62,1.185,1.025,0.679,0.601,0.767,2.974,2.773,0.943,0.6,2.144,0.983,0.532,0.653,2.051,2.03,0,0,34.299
8/8/2022,2.501,2.289,2.299,2.182,1.61,0.535,1.516,0.536,0.468,0.705,1.18,0.775,0.594,0.708,0.62,2.697,1.041,2.55,3.426,2.526,3.415,2.504,2.744,2.305,6.435,8.865,26.426
8/9/2022,1.245,1.985,1.409,0.626,0.641,0.608,0.71,1.073,0.756,0.58,0.582,0.574,0.571,0.564,0.592,0.817,0.743,1.345,1.786,1.211,1.706,1.716,1.275,1.199,3.861,6.122,14.331
8/10/2022,0.731,0.604,0.655,0.629,0.637,0.588,0.82,0.664,0.786,0.646,1.609,2.528,0.96,1.504,1.561,0.698,1.556,3.29,2.61,2.46,2.8,1.786,2.727,2.432,8.807,9.605,16.869
8/11/2022,1.348,2.065,2.019,0.722,0.551,0.563,0.76,0.49,1.003,0.533,0.472,0.471,0.485,0.509,0.465,0.461,0.597,1.077,1.073,0.913,1.049,1.142,1.184,0.936,2.988,4.648,13.252
8/12/2022,0.612,0.552,0.536,0.625,0.541,0.567,0.793,0.487,0.483,0.91,0.9,0.72,0.897,0.728,0.584,0.634,0.597,0.593,0.75,0.974,0.739,0.871,1.024,0.873,4.16,4.123,8.707
8/13/2022,0.786,0.766,0.598,0.616,0.624,0.579,0.589,0.593,1.337,0.731,0.888,0.892,1.096,0.69,0.685,0.873,0.656,0.938,1.03,0.72,0.91,1.223,1.352,1.295,0,0,20.467
8/14/2022,1.1,0.654,0.538,0.544,0.568,0.542,0.545,0.548,0.549,0.59,1.184,0.723,0.617,0.624,0.567,0.609,0.608,0.965,1.155,1.136,1.431,1.158,1.909,2.989,0,0,21.853
8/15/2022,2.183,2.013,1.36,0.526,0.539,0.496,1.783,1.209,0.607,0.749,0.706,0.772,1.372,0.497,0.528,0.577,2.155,1.662,1.326,3.079,1.772,1.781,1.689,1.819,5.901,6.259,19.04
8/16/2022,1.97,1.894,0.531,0.621,0.731,0.505,0.688,0.77,0.917,0.881,1.288,0.639,0.603,0.594,0.686,0.701,0.995,1.341,1.677,1.093,1.016,1.21,1.181,0.849,4.218,6.874,12.289
8/17/2022,0.586,0.519,0.508,0.463,0.504,0.49,0.736,0.471,0.916,0.663,0.725,0.668,0.548,0.546,0.568,0.565,0.701,1.263,1.629,1.243,1.446,1.586,0.978,0.909,3.596,5.667,9.968
8/18/2022,0.716,0.554,0.535,0.523,0.517,0.526,0.504,0.527,1.161,0.808,0.763,1.206,2.713,2.505,1.761,1.331,2.611,1.449,1.86,2.502,3.02,2.15,1.667,1.186,12.127,6.568,14.4
8/19/2022,2.038,0.896,0.604,0.579,0.585,0.585,1.631,1.939,1.255,1.057,0.825,2.466,2.977,1.491,1.904,2.344,1.707,1.385,2.645,2.524,1.116,1.283,1.607,0.908,12.889,9.106,14.356
8/20/2022,0.825,1.812,0.755,0.774,0.663,0.517,0.541,0.511,1.182,0.999,1.092,1.804,2.251,0.659,2.662,2.772,2.436,1.004,2.137,1.176,1.427,2.81,1.672,1.469,0,0,33.95
8/21/2022,1.773,2.017,0.851,0.539,0.548,0.515,0.529,0.52,0.518,2.268,1.604,1.073,1.038,1.389,1.504,2.994,2.753,1.431,3.068,2.097,1.804,2.618,1.235,1.158,0,0,35.844
8/22/2022,0.884,0.573,1.599,1.124,0.501,0.524,0.53,0.513,0.698,0.892,0.795,1.058,0.759,0.664,0.653,0.73,1.066,1.086,1.403,1.228,2.405,1.925,1.055,1.125,4.93,5.387,13.473
8/23/2022,1.419,1.951,0.614,0.508,0.483,0.545,0.504,0.498,0.643,0.573,0.619,2.147,0.899,2.262,2.076,0.837,2.322,2.265,1.818,2.405,1.279,1.249,1.102,1.235,10.543,6.416,13.294
8/24/2022,2.065,0.597,0.482,0.535,0.632,0.538,0.507,0.53,0.623,0.995,1.334,0.577,2.214,2.522,2.509,1.28,1.573,2.648,2.906,2.574,2.138,1.003,0.989,1.595,10.675,9.036,13.655
8/25/2022,1.249,0.987,0.477,0.448,0.447,0.421,0.461,0.422,0.743,0.487,0.706,0.705,0.716,0.408,0.928,1.81,0.725,0.63,1.328,1.517,2.053,1.666,1.816,1.242,5.292,4.316,12.784
8/26/2022,1.043,0.7,0.651,0.652,0.658,0.616,0.614,0.642,0.827,0.979,0.717,0.899,0.531,2.185,1.435,0.699,0.363,0.391,0.344,0.364,0.457,0.446,0.433,0.459,6.112,3.9,7.093
8/27/2022,0.483,0.447,0.386,0.405,0.413,0.412,0.394,0.348,0.343,0.341,0.332,0.326,0.337,0.341,0.335,0.303,0.339,0.331,0.343,0.337,0.41,0.463,0.429,0.422,0,0,9.02
8/28/2022,0.445,0.401,0.385,0.334,0.382,0.391,0.37,0.352,0.322,0.44,0.35,0.35,0.326,0.303,0.353,0.347,0.317,0.311,0.329,0.384,0.418,0.417,0.452,0.442,0,0,8.921
8/29/2022,0.44,0.38,0.394,0.422,0.401,0.391,0.381,0.392,0.409,0.322,0.323,0.34,0.359,0.298,0.326,0.343,0.338,0.322,0.31,0.387,0.448,0.412,0.434,0.453,2.004,2.078,4.943
8/30/2022,0.428,0.361,0.354,0.402,0.399,0.354,0.366,0.36,0.357,0.309,0.323,0.361,0.326,0.345,0.437,0.316,0.326,0.335,0.351,0.347,0.422,0.467,0.452,0.443,2.111,2.035,4.795
8/31/2022,0.407,0.384,0.403,0.353,0.364,0.386,0.366,0.358,0.316,0.343,0.345,0.312,0.323,0.5,0.455,0.581,0.529,0.738,0.592,0.61,0.423,0.432,0.535,0.455,2.7,2.692,5.118
9/1/2022,0.405,0.369,0.392,0.386,0.353,0.385,0.376,0.37,0.325,0.307,0.353,0.339,0.317,0.321,0.33,0.349,0.321,0.306,0.354,0.359,0.447,0.419,0.441,0.468,1.977,2.015,4.8
9/2/2022,0.419,0.366,0.502,0.356,0.4,0.372,0.387,0.34,0.313,0.341,0.32,0.346,0.314,0.327,0.352,0.328,0.311,0.322,0.345,0.389,0.418,0.426,0.447,0.447,1.978,1.981,4.929
9/3/2022,0.455,0.366,0.381,0.387,0.385,0.372,0.332,0.378,0.344,0.326,0.318,0.322,0.383,0.372,0.319,0.321,0.345,0.346,0.316,0.353,0.427,0.451,0.444,0.413,0,0,8.856
9/4/2022,0.462,0.411,0.383,0.366,0.36,0.398,0.384,0.337,0.331,0.332,0.348,0.322,0.303,0.35,0.336,0.341,0.316,0.326,0.362,0.363,0.406,0.455,0.449,0.464,0,0,8.905
9/5/2022,0.389,0.511,0.373,0.346,0.399,0.376,0.38,0.344,0.324,0.35,0.32,0.324,0.329,0.335,0.349,0.316,0.309,0.339,0.377,1.033,1.333,1.346,1.31,0.943,0,0,12.755
9/6/2022,0.69,0.492,0.659,0.457,0.781,0.866,0.693,0.597,0.739,0.933,0.59,0.564,0.593,1.254,0.741,0.589,0.674,1.127,0.983,1.133,0.892,0.859,0.624,0.47,4.415,4.969,8.616
9/7/2022,0.402,0.419,0.392,0.398,0.366,0.703,0.48,0.655,0.772,0.749,0.667,0.558,0.466,0.462,0.474,0.649,0.739,0.693,0.703,0.932,1.269,1.006,0.639,0.57,3.348,4.239,7.576
9/8/2022,0.547,0.476,0.41,0.4,0.407,0.425,0.393,0.803,0.748,0.51,0.522,0.466,0.56,0.475,0.478,0.606,0.572,0.889,0.954,0.83,1.16,1.314,0.743,0.532,3.157,4.426,7.637
9/9/2022,0.478,0.442,0.466,0.449,0.455,0.816,0.519,0.623,0.842,0.571,0.596,0.874,0.574,0.544,0.443,0.479,1.941,2.398,2.345,0.823,0.549,0.558,0.973,2.326,4.855,7.375,8.854
9/10/2022,1.995,1.157,0.456,0.5,0.494,0.507,0.471,1.28,0.615,0.805,0.505,0.688,0.822,0.757,1.402,1.807,0.566,0.562,0.507,0.517,1.246,0.619,2.023,2.041,0,0,22.342
9/11/2022,1.931,1.882,0.578,1.139,0.381,0.768,0.748,0.465,0.465,0.698,1.073,0.825,0.564,0.562,0.56,1.272,1.545,2.066,2.916,1.417,1.036,1.499,1.476,1.319,0,0,27.185
9/12/2022,0.62,0.555,1.401,0.464,0.477,0.91,0.578,0.726,1.088,0.738,0.639,0.578,0.559,0.758,0.694,1,0.984,1.403,1.736,1.042,1.728,0.994,0.9,1.263,4.573,6.33,10.932
9/13/2022,0.755,0.67,0.491,0.505,0.489,0.482,0.45,0.853,0.729,0.732,0.701,0.679,0.633,0.555,0.536,0.624,0.799,1.055,2.015,1.07,1.004,1.014,1.366,1.598,3.826,6.085,9.894
9/14/2022,0.72,0.552,0.536,0.504,0.475,0.858,0.605,0.639,0.745,0.746,0.677,0.584,0.773,0.616,0.569,0.733,0.828,1.016,1.9,1.196,1.214,1.019,1.002,0.86,4.103,5.723,9.541
9/15/2022,0.574,0.484,0.504,0.509,0.524,0.514,0.627,0.806,0.806,0.744,0.477,0.441,0.456,0.443,0.522,0.684,0.816,1.075,0.938,1.057,1.19,0.894,0.794,0.914,3.362,4.846,8.585
9/16/2022,0.774,0.549,0.535,0.553,0.544,0.802,0.551,0.718,0.746,0.539,0.566,0.579,0.572,0.561,0.726,0.846,0.888,0.992,1.8,1.021,0.987,0.914,1.07,1.665,4.172,5.361,9.965
9/17/2022,0.982,0.552,0.523,0.652,0.534,0.523,0.551,0.519,0.57,0.819,0.616,0.796,0.503,0.552,0.498,0.493,0.462,0.467,1.043,1.066,1.064,1.057,0.987,0.925,0,0,16.754
9/18/2022,0.757,0.525,0.468,0.462,0.466,0.474,0.494,0.463,0.476,0.856,1.054,0.871,0.667,0.661,0.675,0.686,0.693,1.663,2.375,1.172,1.283,1.103,0.833,1.597,0,0,20.774
9/19/2022,0.632,0.543,1.266,0.757,0.531,0.815,0.43,0.531,1.336,0.963,0.967,0.916,1.259,0.727,0.956,1.808,1.603,1.342,2.1,1.494,1.435,1.207,1.221,0.659,7.269,7.239,10.99
9/20/2022,0.493,0.486,0.47,0.485,0.455,0.818,0.629,0.5,1.013,0.701,0.564,0.597,0.746,0.709,0.817,1.336,0.677,1.23,1.053,1.494,1.324,0.931,0.795,0.669,4.882,5.061,9.049
9/21/2022,0.599,0.512,0.489,0.51,0.489,0.735,0.46,0.637,1.09,0.76,0.673,0.677,0.726,0.614,0.742,0.724,1.73,0.767,0.676,2.31,1.057,1.803,1.047,1.422,5.213,4.603,11.433
9/22/2022,1.447,0.446,0.441,0.424,0.451,0.753,0.479,0.815,1.38,1.224,0.775,0.714,0.635,0.587,0.554,0.704,0.807,0.813,0.597,1.03,1,1.176,1.177,0.63,4.001,5.604,9.454
9/23/2022,0.567,0.505,0.51,0.476,0.477,0.881,0.57,0.557,0.805,0.683,0.917,0.698,0.607,0.553,0.559,0.571,0.867,1.079,1.534,1.024,1.051,0.738,0.81,0.677,3.855,5.575,8.286
9/24/2022,0.613,0.524,0.524,0.525,0.531,0.542,0.513,0.496,0.844,0.785,1.124,0.702,0.867,0.483,1.237,0.627,0.47,0.718,1.113,1.208,1.199,1.309,1.349,1.244,0,0,19.547
9/25/2022,0.849,0.507,0.483,0.489,0.463,0.477,0.473,0.432,0.518,0.804,1.23,0.679,0.461,0.475,0.466,0.65,1.058,1.355,1.504,1.153,1.1,1.512,1.415,0.909,0,0,19.462
9/26/2022,0.556,0.478,0.484,0.492,0.512,0.527,0.454,0.839,0.886,1.077,0.894,0.888,1.016,0.733,0.781,0.785,0.701,0.838,1.739,0.967,1.059,1.114,1.038,0.793,4.904,6.273,8.474
9/27/2022,0.5,0.44,0.45,0.445,0.415,0.801,0.495,0.622,0.629,0.504,0.391,0.4,0.409,0.397,0.495,0.431,0.508,0.517,1.226,1.173,1.015,1.219,1.102,0.846,2.64,3.889,8.901
9/28/2022,0.6,0.579,0.468,0.46,2.829,3.038,2.785,1.252,1.289,0.641,0.604,0.575,0.584,0.544,0.563,0.652,1.721,0.912,1.516,1.118,2.085,1.426,1.124,0.781,4.639,6.214,17.293
9/29/2022,0.611,0.477,0.509,0.503,0.484,0.692,2.114,2.148,1.857,0.505,1.499,0.463,1.408,0.464,0.553,0.506,0.945,2.2,0.981,1.036,1.389,1.502,1.012,0.781,4.339,9.19,11.11
9/30/2022,0.65,0.57,0.558,0.527,1.116,2.326,0.533,0.964,0.932,1.58,0.559,0.554,1.347,0.691,0.626,0.765,0.954,0.75,0.527,0.759,1.029,1.088,1.093,0.93,4.937,5.312,11.179
10/1/2022,0.95,0.602,0.533,0.467,1.233,1.403,0.522,0.655,1.799,0.707,0.818,1.133,0.877,0.615,1.302,1.276,0.863,1.123,1.131,1.101,1.077,1.294,0.766,0.87,0,0,23.117
10/2/2022,0.723,0.699,0.646,0.647,0.668,0.646,0.724,2.022,2.529,0.875,0.878,0.688,0.933,1.215,0.454,1.105,0.949,0.755,0.748,1.021,1.062,1.544,1.134,0.712,0,0,23.377
10/3/2022,0.516,0.471,0.439,0.457,1.92,2.439,0.845,2.315,0.628,1.842,0.481,0.725,1.504,0.729,0.437,0.584,0.835,0.943,1.31,1.1,1.193,1.267,1.05,0.678,4.814,7.519,12.375
10/4/2022,0.557,0.552,0.532,0.516,1.733,2.893,0.497,2.124,1.082,0.64,0.612,0.766,1.473,0.58,0.597,0.95,1.074,0.829,1.889,1.08,1.077,1.907,0.992,0.537,5.44,7.176,12.873
10/5/2022,0.52,0.453,0.499,0.506,1.187,2.16,0.521,0.61,1.888,0.581,0.568,0.746,0.505,0.491,0.539,0.473,0.613,0.918,1.376,0.962,1.276,1.428,1.077,0.917,3.367,5.941,11.506
10/6/2022,0.749,0.557,0.464,0.487,0.464,0.544,0.467,0.822,0.964,0.748,0.911,0.506,0.516,0.823,0.972,0.729,0.875,0.755,0.835,0.819,0.765,0.893,0.783,0.939,4.421,5.035,7.931
10/7/2022,0.778,0.489,0.481,0.439,0.458,0.728,1.68,0.874,0.781,0.541,0.665,0.823,1.92,0.554,0.602,0.914,1.108,0.625,2.442,0.703,1.542,1.327,1.016,0.999,5.921,5.928,10.64
10/8/2022,1,0.544,0.619,0.513,1.924,2.836,1.358,2.184,1.116,2.164,0.504,2.202,0.526,1.771,0.707,0.459,1.649,0.64,0.788,1.091,1.012,1.232,1.081,1.064,0,0,28.984
10/9/2022,0.993,0.817,0.567,0.541,0.538,1.009,1.618,1.854,3.22,0.98,0.685,0.813,1.342,0.961,0.487,1.796,0.503,0.525,1.015,0.767,2.005,0.981,0.929,0.812,0,0,25.758
10/10/2022,0.999,0.767,0.56,0.572,1.457,2.176,0.563,2.108,0.562,0.599,1.684,0.872,0.916,0.702,0.728,0.748,0.79,1.008,1.019,0.705,1.565,1.613,0.972,0.743,0,0,24.428
10/11/2022,0.682,0.574,0.513,0.537,1.718,3.238,0.656,2.694,1.064,0.837,1.204,1.097,1.021,0.488,0.602,0.923,0.909,1.131,0.923,1.025,1.248,1.942,1.257,0.821,5.04,7.853,14.211
10/12/2022,0.573,0.516,0.516,0.478,0.481,1.869,0.525,0.597,0.819,0.712,0.57,0.446,0.877,1.179,0.541,0.589,0.575,0.759,1.474,1.094,0.974,1.069,1.16,0.791,4.207,4.931,10.046
10/13/2022,0.472,0.466,0.44,0.454,0.433,0.508,0.434,0.848,0.924,0.477,0.404,1.665,0.393,0.429,0.553,0.463,0.501,0.628,0.812,1.81,0.999,1.098,1.175,0.886,4.004,4.093,9.175
10/14/2022,0.856,0.541,0.483,0.495,1.698,3.336,0.743,2.789,0.847,1.634,2.201,1.464,1.093,0.847,0.928,0.94,0.756,0.788,0.867,2.574,1.431,1.127,1.291,0.868,6.028,9.126,15.443
10/15/2022,0.615,0.529,0.513,0.503,1.103,2.662,1.847,1.648,0.516,2.205,1.087,1.118,1.043,1.657,0.456,0.576,0.913,1.092,1.132,1.432,1.455,2.626,1.725,1.176,0,0,29.629
10/16/2022,0.88,0.659,0.547,0.56,0.529,0.561,0.531,2.579,2.717,0.77,2.419,0.717,1.111,1.386,0.587,0.945,1.401,1.065,0.633,2.191,0.731,1.331,0.889,0.804,0,0,26.543
10/17/2022,0.555,0.558,0.533,0.503,1.656,2.194,0.583,2.154,1.139,0.631,1.888,0.724,0.607,0.743,0.888,0.766,0.962,2.287,1.57,0.975,1.095,1.291,1.154,1.008,4.69,9.669,12.105
10/18/2022,0.735,0.463,0.541,0.522,2.242,3.414,2.423,2.288,1.215,2.196,0.545,2.102,0.698,0.656,2.298,1.042,1.592,1.942,2.904,1.245,1.262,3.152,1.526,1.04,8.388,11.09,18.565
10/19/2022,0.791,0.545,0.523,0.516,1.996,3.363,0.941,2.32,0.862,2.552,0.873,0.644,2.318,0.702,0.87,2.388,1.66,2.809,2.295,1.523,2.565,1.406,1.257,0.877,8.582,11.711,16.303
10/20/2022,0.727,0.646,0.583,1.868,1.542,0.643,2.429,3.107,1.643,3.04,1.029,2.174,0.626,2.19,0.726,2.36,0.803,1.291,2.4,0.994,1.402,3.312,1.161,0.889,8.879,12.51,16.196
10/21/2022,0.685,0.614,0.608,2.65,1.766,3.284,3.206,2.206,1.533,1.883,1.398,1.846,0.881,1.015,1.068,0.885,0.809,0.593,1.046,1.121,1.12,1.11,2.447,1.154,6.504,8.659,19.765
10/22/2022,0.769,0.554,0.508,0.524,0.653,1.349,2.306,0.823,0.57,1.912,0.913,1.17,0.602,0.568,0.566,0.559,0.563,0.847,1.609,1.223,0.996,1.305,1.224,1.133,0,0,23.246
10/23/2022,0.65,0.54,0.548,0.551,0.547,0.514,0.929,1.687,2.348,0.833,1.077,1.01,0.654,0.512,1.697,0.779,1.002,1.471,2.163,1.967,1.131,1.195,1.082,1.037,0,0,25.924
10/24/2022,0.857,0.504,0.546,0.549,0.485,0.635,0.509,0.846,1.634,1.62,0.803,1.496,0.488,0.562,0.563,0.839,0.901,1.184,2.044,1.166,1.257,1.214,1.006,0.706,4.849,8.131,9.434
10/25/2022,0.546,0.52,0.499,0.47,0.511,0.766,0.548,0.641,1.084,0.96,1.033,0.867,0.918,0.778,0.869,0.794,0.777,1.457,1.449,1.043,1.132,1.104,0.883,0.627,5.003,6.624,8.649
10/26/2022,0.481,0.424,0.445,0.445,1.238,2.193,0.478,0.669,1.206,2.398,0.491,0.578,0.523,0.511,0.733,1.246,1.383,0.681,0.92,0.952,1.544,1.993,0.968,0.565,4.974,6.365,11.726
10/27/2022,0.472,0.426,0.611,0.423,1.637,0.942,1.931,2.334,0.813,2.002,0.481,0.449,0.415,0.41,0.417,0.49,0.583,0.985,0.597,0.706,0.803,0.799,1.651,2.58,2.764,7.212,12.981
10/28/2022,0.731,2.841,0.495,2.176,1.614,3.505,1.48,2.894,0.711,0.502,0.534,0.756,0.716,0.808,0.869,0.699,0.557,0.582,0.898,0.806,0.91,1.045,0.776,0.64,4.405,6.121,17.019
10/29/2022,0.505,0.45,0.464,0.431,0.454,2.991,1.791,0.993,0.556,0.742,2.415,1.184,2.552,1.017,0.783,0.552,0.67,2.261,1.539,0.932,0.949,1.197,2.467,0.938,0,0,28.833
10/30/2022,0.876,1.878,1.371,0.609,2.46,0.464,2.614,1.695,3.102,2.975,1.232,1.825,1.144,0.917,0.689,0.594,0.678,0.775,1.874,1.262,1.238,1.264,1.329,0.764,0,0,33.629
10/31/2022,0.486,0.472,0.908,1.515,1.902,3.137,1.245,1.79,1.132,2.722,0.516,0.609,0.688,0.716,0.741,0.732,0.849,1.189,1.023,0.967,2.283,1.56,0.909,0.574,4.335,8.372,15.958
11/1/2022,0.519,0.53,0.488,1.15,2.27,2.122,0.775,2.23,0.738,0.577,0.566,0.707,0.875,0.719,0.709,0.489,0.91,1.247,1.334,1.015,1.055,1.18,0.909,0.69,6.692,4.409,12.703
11/2/2022,0.571,0.515,0.486,0.505,2.042,2.844,0.701,2.29,0.966,0.879,1.98,0.636,0.594,0.518,0.623,0.622,0.484,0.495,0.638,1.167,0.918,1.027,0.91,1.052,7.248,3.477,12.738
11/3/2022,0.901,0.673,1.778,0.501,0.499,1.091,2.053,2.419,0.497,0.41,0.389,0.561,0.385,0.414,0.401,0.525,0.552,1.022,0.686,2.696,1.078,1.064,1.552,1.796,5.423,2.838,15.682
11/4/2022,0.494,0.446,1.919,0.448,1.648,2.321,0.75,2.115,0.875,0.803,0.763,0.796,0.517,0.634,0.766,0.858,1.208,1.979,1.113,1.143,1.95,1.258,1.033,0.628,7.648,4.779,14.038
11/5/2022,0.525,0.472,0.45,0.45,0.436,1.638,0.497,0.493,0.478,0.514,0.807,0.885,0.622,0.633,0.584,0.879,0.635,0.965,0.922,1.219,0.982,1.026,1.077,1.065,0,0,18.254
11/6/2022,1.514,0.525,0.565,0.552,0.566,0.541,0.516,0.531,0.757,0.863,0.557,0.547,0.51,0.527,0.76,1.083,1.208,1.439,0.865,0.755,1.188,1.133,1.076,0.618,0,0,19.196
11/7/2022,0.517,0.507,0.504,0.496,0.539,2.421,0.679,0.704,1.19,1.166,1.221,1.402,1.31,0.868,1.048,0.792,1.082,1.279,1.688,1.633,1.193,2.584,1.143,0.654,7.248,6.502,12.87
11/8/2022,0.563,0.576,0.568,2.343,1.314,2.868,1.069,2.471,0.969,2.04,0.809,1.47,1.339,0.743,0.617,0.708,1.129,1.51,1.502,3.323,1.193,2.466,1.311,0.548,9.301,6.006,18.142
11/9/2022,0.474,2.165,0.763,2.04,2.038,3.014,1.608,3.113,0.689,2.26,0.689,2.093,0.463,1.805,0.811,0.493,0.536,2.065,0.683,1.137,1.929,0.925,2.511,1.102,9.499,6.201,19.706
11/10/2022,0.602,0.496,0.484,0.641,1.917,2.569,0.512,2.339,0.47,1.807,0.441,0.857,1.125,0.437,0.446,0.49,0.527,1.234,1.181,2.247,1.31,1.164,1.269,1.196,7.472,3.882,14.407
11/11/2022,0.552,0.527,0.522,0.52,1.33,2.272,0.675,0.821,1.211,1.147,2.312,0.962,0.7,0.831,0.753,0.661,0.645,2.173,0.854,0.781,0.922,1.247,1.134,1.069,8.518,4.552,11.551
11/12/2022,0.831,0.695,0.505,1.005,1.371,2.43,0.654,0.975,1.287,1.265,1.802,1.084,1.127,1.844,1.007,1.209,1.335,1.05,1.74,2.616,1.214,1.178,2.01,0.865,0,0,31.099
11/13/2022,0.626,0.481,0.976,2.206,1.371,3.077,0.607,2.684,0.779,2.184,1.124,1.269,2.057,0.549,2.401,1.355,1.145,2.186,2.46,2.079,2.401,1.762,2.065,0.937,0,0,38.781
11/14/2022,0.666,2.552,1.293,1.766,2.219,3.388,1.758,2.102,1.678,2.127,0.908,1.511,3.01,0.632,1.419,1.558,2.746,1.547,2.106,3.181,2.063,2.522,0.926,0.858,10.468,10.876,23.192
11/15/2022,0.686,2.202,1.508,1.742,1.966,3.583,1.91,1.661,2.594,2.542,1.752,1.51,2.323,2.143,1.506,1.759,2.361,0.977,2.892,2.52,0.972,2.79,0.856,0.818,12.418,11.602,21.553
11/16/2022,1.771,1.919,1.399,2.097,2.193,3.402,2.014,2.182,2.132,1.359,1.737,2.871,0.735,0.628,3.215,0.611,1.863,3.002,2.4,2.565,1.269,3.637,1.337,1.505,12.812,9.923,25.108
11/17/2022,0.552,0.862,2.427,0.455,2.556,3.236,1.678,2.185,1.936,2.024,2.403,0.836,1.884,2.163,0.705,0.557,3.298,0.893,2.924,1.24,3.247,1.398,3.397,0.958,12.365,9.443,22.006
11/18/2022,0.9,1.515,2.511,0.65,3.228,3.454,1.382,3.037,1.7,0.803,2.099,2.084,0.8,0.863,2.793,1.352,1.966,1.374,2.392,2.456,3.101,1.85,4.47,1.548,11.405,9.858,27.065
11/19/2022,1.036,0.57,2.974,0.499,2.128,3.571,2.754,1.52,1.676,2.358,1.186,2.806,1.532,2.733,1.231,4.232,0.62,2.78,1.643,2.71,1.81,1.577,2.895,1.32,0,0,48.161
11/20/2022,1.101,2.682,1.573,3.088,1.129,0.811,0.683,0.757,0.746,1.99,1.832,2.708,2.303,2.273,1.14,1.887,3.713,1.328,3.199,0.825,0.684,0.693,2.431,1.16,0,0,40.736
11/21/2022,1.461,2.069,0.589,0.606,0.556,0.893,1.107,2.914,2.048,1.641,1.901,0.938,2.567,1.045,1.795,0.898,1.456,2.773,1.582,1.137,1.844,1.759,2.914,1.095,12.859,8.699,16.03
11/22/2022,0.819,0.452,0.508,2.279,1.497,3.413,1.735,1.668,2.589,1.296,1.638,1.712,0.769,2.534,0.957,0.819,2.769,3.056,2.104,3.059,2.152,3.384,2.001,0.831,12.351,9.56,22.13
11/23/2022,0.615,0.672,2.231,1.222,1.376,3.245,2.554,0.788,2.393,1.324,2.463,0.641,2.025,0.61,1.825,0.781,0.998,2.348,1.831,2.318,2.119,1.954,2.306,1.084,11.147,6.88,21.696
11/24/2022,0.635,0.546,2.759,0.621,1.537,3.108,2.992,2.249,0.922,3.015,1.241,0.932,2.314,0.439,1.715,0.442,1.116,1.595,1.596,1.536,2.823,1.601,1.448,1.165,10.618,6.958,20.771
11/25/2022,0.571,0.492,1.612,1.474,1.392,2.184,1.33,1.641,0.908,0.729,2.448,0.726,0.64,1.008,1.03,1.665,0.494,2.882,0.562,2.733,0.529,2.291,0.673,1.372,9.17,5.563,16.653
11/26/2022,0.975,0.556,2.038,1.133,1.435,3.018,1.574,3.267,1.147,1.34,1.133,3.498,0.671,1.943,0.619,0.681,1.882,0.771,0.999,0.918,0.981,1.162,3.037,1.103,0,0,35.881
11/27/2022,0.669,0.502,0.471,0.745,1.971,2.43,1.825,1.242,2.065,1.187,1.382,0.878,2.037,1.586,1.585,1.061,1.924,0.636,2.322,1.988,1.592,1.659,1.187,1.049,0,0,33.993
11/28/2022,0.665,0.489,1.11,2.183,1.269,2.889,0.969,2.507,0.966,2.502,0.606,0.803,3.475,0.94,1.702,1.732,1.269,1.611,4.014,2.372,2.012,1.946,2.156,1.107,12.206,9.921,19.167
11/29/2022,0.699,0.723,2.291,0.571,2.444,2.974,1.877,2.003,2.503,1.425,2.234,0.636,2.012,0.54,2.344,0.95,1.396,2.951,1.86,2.215,1.336,1.234,2.5,0.779,12.976,7.878,19.643
11/30/2022,0.646,0.462,2.278,1.081,1.351,2.889,0.965,2.549,0.849,1.543,0.991,0.574,2.214,0.634,0.645,2.568,1.078,1.173,4.076,1.281,3.95,1.588,1.3,1.097,11.181,7.713,18.888
12/1/2022,0.973,2.532,0.722,3.141,1.618,3.389,1.393,3.233,0.578,3.013,1.086,1.884,2.438,0.598,2.699,0.487,2.36,0.905,2.056,2.141,1.746,3.029,1.592,0.896,10.871,10.466,23.172
12/2/2022,0.703,2.361,2.143,1.022,3.222,3.281,1.269,3.023,0.903,1.555,2.54,0.832,0.788,2.892,0.589,2.529,1.741,1.937,1.313,2.826,1.468,2.65,1.439,1.125,11.271,9.371,23.509
12/3/2022,1.095,0.945,0.944,0.677,1.49,2.639,0.505,1.44,1.243,1.068,1.845,1.043,1.38,2.804,0.777,0.684,2.144,2.384,1.799,1.821,2.932,1.744,3.755,1.777,0,0,38.935
12/4/2022,0.971,0.913,2.612,0.898,3.083,3.443,1.983,3.274,1.686,3.19,1.104,1.65,3.307,1.313,0.886,2.744,1.38,2.132,4.277,2.642,3.449,4.749,2.676,0.68,0,0,55.042
12/5/2022,0.514,0.466,1.34,1.61,1.613,3.036,2.293,1.663,2.851,1.194,2.447,0.596,2.219,0.651,2.277,0.752,1.399,2.234,1.984,3.149,1.502,1.495,1.366,0.581,12.373,7.894,18.965
12/6/2022,0.54,2.054,0.478,2.04,1.141,2.765,0.996,2.411,0.814,2.256,1.26,1.957,0.589,1.767,0.619,0.902,2.348,1.914,3.615,1.373,4.472,1.619,1.003,0.744,12.27,8.182,19.225
12/7/2022,0.606,0.538,0.494,0.501,1.844,2.905,0.544,2.294,0.898,1.111,1.952,1.042,0.583,0.948,2.085,0.536,1.05,1.922,1.954,1.463,1.341,2.338,1.488,0.963,10.131,6.244,15.025
12/8/2022,0.55,0.532,0.476,0.543,2.265,3.169,0.683,0.957,0.886,2.305,0.728,0.757,2.591,0.815,0.83,1.732,1.476,1.765,2.099,0.868,1.172,2.792,0.938,0.598,8.74,8.201,14.586
12/9/2022,0.548,2.854,0.907,1.451,2.329,3.414,0.953,3.344,0.952,3.082,1.354,1.189,1.1,1.401,1.023,1.322,4.051,3.463,1.415,4.405,2.671,3.453,2.776,0.739,13.61,10.086,26.5
12/10/2022,1.604,2.135,1.236,2.552,0.696,0.83,0.735,0.909,0.593,0.764,2.92,1.907,2.819,0.621,2.893,2.142,2.003,2.055,2.436,2.459,2.513,2.708,4.734,1.233,0,0,45.497
12/11/2022,0.616,0.774,2.763,0.486,2.676,3.118,3.186,0.833,3.063,2.294,1.206,1.832,2.537,2.461,1.669,2.589,1.83,1.812,1.135,3.031,1.147,2.688,2.292,0.912,0,0,46.95
12/12/2022,0.678,1.216,2.993,0.454,1.854,3.286,3.167,1.283,3.265,3.311,0.804,1.851,3.036,0.968,2.593,1.653,1.995,2.608,2.163,3.126,2.154,3.559,1.84,0.997,13.434,12.096,25.324
12/13/2022,2.4,1.922,2.219,3.106,2.433,3.141,3.094,3.103,3.6,2.248,2.56,2.123,1.498,2.383,1.636,1.132,2.12,3.415,3.486,2.674,1.853,2.453,2.599,1.19,18.412,10.892,29.084
12/14/2022,2.304,2.037,1.967,2.175,2.768,3.337,3.395,2.35,3.556,1.505,1.53,2.619,1.262,2.424,1.673,1.776,3.166,2.276,3.193,3.568,1.975,3.364,3.203,1.328,14.41,12.92,31.421
12/15/2022,0.909,2.639,2.028,1.633,2.932,3.078,3.274,2.307,2.779,1.08,2.92,1.072,3.162,0.864,2.366,1.759,3,3.23,2.931,3.987,2.917,2.967,2.027,1.036,15.247,12.223,29.427
12/16/2022,2.043,1.624,2.044,2.404,1.301,3.127,2.929,1.292,3.033,1.721,1.967,1.357,2.056,1.964,1.073,1.71,1.616,3.032,1.492,2.679,1.831,1.593,1.975,1.082,12.537,9.776,24.632
12/17/2022,1.847,1.473,2,1.054,2.863,3.077,1.838,1.808,2.948,1.259,1.67,1.15,0.937,3.26,1.38,1.003,1.71,1.514,2.836,1.886,2.214,2.527,1.899,2.749,0,0,46.902
12/18/2022,0.909,2.487,0.785,2.483,3.132,2.184,2.154,2.048,2.755,1.375,1.887,0.719,2.82,1.582,1.414,1.086,3.456,1.679,1.527,3.242,2.844,2.481,2.159,0.992,0,0,48.2
12/19/2022,0.591,2.205,1.138,2.212,2.411,3.387,1.564,2.202,1.472,1.399,2.118,1.641,1.576,1.695,1.49,1.871,2.767,1.182,2.924,2.872,2.29,1.311,2.805,0.781,11.297,11.04,23.567
12/20/2022,1.427,1.137,3.092,0.802,3.168,3.217,1.666,3.43,1.169,2.22,1.095,2.66,0.576,2.018,1.81,1.112,2.936,2.643,2.762,1.531,3.184,1.908,1.699,0.946,13.319,11.112,23.777
12/21/2022,3.025,1.091,2.011,2.22,2.983,3.019,3.042,3.734,2.24,2.548,1.551,1.379,3.31,1.844,1.808,1.368,1.883,1.37,2.619,2.995,2.292,3.111,1.943,0.834,14.062,11.592,28.566
12/22/2022,3.231,1.277,3.102,1.281,3.189,3.235,1.683,2.977,1.314,1.612,3.253,1.459,1.61,1.587,0.681,2.841,1.267,1.751,2.82,1.893,2.199,3.373,1.556,1.048,13.727,9.445,27.067
12/23/2022,0.666,2.497,0.966,1.739,2.713,2.604,1.557,2.912,0.805,2.481,1.193,1.021,2.688,2.885,2.875,1.698,0.669,1.362,1.583,1.875,1.15,1.469,2.146,2.019,10.336,11.836,21.401
12/24/2022,1.786,0.779,0.731,0.711,0.733,0.798,0.794,0.832,0.674,0.693,0.693,0.922,0.793,1.177,1.388,3.084,3.32,1.665,3.026,1.701,2.777,3.101,3.115,1.309,0,0,36.602
12/25/2022,3.264,3.028,3.024,2.394,2.836,3.034,3.025,3.078,3.07,3.116,2.682,2.037,2.534,3.009,2.216,2.007,2.302,1.92,2.868,3.134,3.233,3.124,3.228,2.126,0,0,66.289
12/26/2022,2.431,3.054,2.241,2.3,2.991,3.04,2.998,2.971,3,3.025,3.33,2.383,2.505,2.273,2.625,3.479,2.481,3.596,3.358,1.808,3.823,3.858,2.989,1.582,0,0,68.141
12/27/2022,3.11,1.726,2.709,1.631,3.008,3.126,3.096,2.929,2.663,3.269,2.297,2.411,2.531,2.115,2.085,2.066,2.313,3.08,2.218,3.361,2.207,1.697,1.507,0.823,0,0,57.978
12/28/2022,3.215,1.344,2.234,2.154,3.271,3.06,1.914,2.164,1.763,2.478,1.315,1.809,1.301,2.261,1.609,3.018,1.637,2.924,2.082,2.984,2.194,2.137,1.797,0.794,12.726,11.635,27.098
12/29/2022,0.583,2.073,1.298,1.762,3.182,3.123,1.874,2.131,2.466,1.598,1.845,2.27,1.012,1.011,1.913,1.031,1.009,1.541,1.931,1.91,1.979,0.859,1.627,0.999,11.512,8.246,21.269
12/30/2022,1.263,0.59,1.618,0.62,2.7,1.218,1.935,1.414,1.731,1.15,1.668,0.904,0.889,0.779,1.823,2.662,1.797,1.195,2.102,2.167,1.656,1.521,2.356,1.498,9.26,8.854,19.142
12/31/2022,0.804,0.516,0.5,0.505,2.738,0.525,1.76,0.665,1.412,0.938,1.266,1.41,1.015,1.065,1.932,1.195,1.592,1.882,0.933,3.115,1.178,1.555,2.659,0.665,0,0,31.825
1/1/2023,0.651,1.441,0.583,1.772,2.897,1.355,2.527,1.544,0.959,1.988,1.597,1.025,1.409,2.006,2.222,0.88,2.854,1.703,2.751,1.676,1.971,2.017,1.736,1.134,0,0,40.698
1/2/2023,0.595,2.313,0.671,1.991,1.913,2.954,1.193,2.054,2.078,1.404,1.21,1.48,1.25,2.594,1.441,1.152,1.494,2.306,1.588,1.947,2.612,2.747,1.849,0.979,0,0,41.815
1/3/2023,1.004,2.026,1.264,1.771,2.865,3.105,1.876,2.22,1.735,3.035,1.625,1.757,1.455,1.266,2.313,1.643,1.786,1.367,1.383,2.389,1.651,1.271,2.457,0.504,11.365,10.22,22.183
1/4/2023,0.485,2.188,0.883,1.676,2.861,2.338,2.37,2.092,2.107,1.295,2.281,2.334,1.185,1.779,2.126,1.917,1.138,2.185,2.004,1.126,2.166,1.822,1.993,2.036,11.964,10.479,21.944
1/5/2023,0.995,0.602,1.452,1.265,2.911,2.047,2.066,1.045,2.305,1.278,0.814,1.796,1.452,1.012,3.101,1.54,1.179,2.204,1.499,2.402,2.693,1.53,2.175,0.967,9.145,10.08,21.105
1/6/2023,1.072,0.534,1.865,1.021,3.176,2.012,2.536,1.651,1.81,1.021,1.497,1.446,1.702,2.004,2.754,2.151,1.668,1.25,3.366,2.816,2.239,1.458,3.118,1.229,10.595,11.725,23.076
1/7/2023,1.039,1.508,1.622,1.826,3.279,1.681,3.135,1.406,2.306,1.236,3.372,0.963,1.883,2.45,0.887,2.214,2.422,1.589,2.39,2.535,2.892,1.856,2.817,1.758,0,0,49.066
1/8/2023,1.966,2.644,2.029,2.141,3,3.247,3.166,1.769,3.213,1.84,2.663,1.66,3.199,1.728,2.003,2.985,2.062,1.601,3.192,3.456,3.094,2.64,2.096,0.678,0,0,58.072
1/9/2023,2.73,1.421,1.407,2.836,2.956,1.743,2.982,2.029,2.54,1.728,2.007,2.648,2.015,1.846,1.634,2.409,1.465,3.794,3.146,2.508,2.634,2.524,2.428,1.023,15.244,12.017,27.192
1/10/2023,1.963,2.238,1.118,2.159,3.098,1.712,2.713,2.155,2.42,1.875,1.895,1.851,2.109,1.17,2.154,1.581,2.688,2.97,2.383,3.492,2.037,2.006,2.542,0.789,13.698,11.553,25.867
1/11/2023,1.577,2.421,1.58,1.488,1.163,0.929,2.763,3.312,2.575,2.292,3.567,1.725,2.083,2.99,2.253,3.157,2.135,2.975,3.42,2.599,2.242,3.703,2.933,1.109,18.141,14.343,24.507
1/12/2023,1.82,2.574,1.687,1.46,2.913,3.171,3.018,2.015,2.016,2.896,2.053,3.029,1.673,3.095,1.617,1.574,2.053,2.084,2.984,2.466,2.738,2.246,1.405,0.679,14.048,13.041,26.177
1/13/2023,2.344,1.023,2.833,1.864,3.008,3.447,2.316,2.392,3.247,2.489,2.071,2.157,1.574,3.231,1.869,3.785,1.33,3.302,1.565,3.729,1.448,3.618,2.532,1.18,15.066,13.946,29.342
1/14/2023,2.051,0.63,0.606,0.61,0.677,0.962,0.788,0.916,0.643,0.606,1.191,1.022,3.557,2.391,1.771,2.865,2.03,3.375,2.258,4.306,2.729,3.907,4.103,1.521,0,0,45.515
1/15/2023,2.867,0.71,0.692,0.699,0.796,0.735,0.779,0.731,0.698,1.087,2.175,1.945,3.193,1.383,1.695,1.28,1.1,2.857,3.827,3.013,3.524,2.952,3.432,0.882,0,0,43.052
1/16/2023,2.931,1.63,3.029,2.88,3.077,3.345,3.089,3.186,3.458,2.292,2.348,2.873,2.199,1.777,1.837,1.073,2.887,2.204,2.159,2.12,2.372,3.615,1.482,0.67,15.647,12.646,30.24
1/17/2023,2.653,1.248,2.101,2.535,2.448,3.049,2.342,2.646,2.822,2.463,1.608,3.096,2.382,1.378,3.145,0.974,2.079,2.471,3.463,2.735,2.288,2.848,1.117,1.052,15.473,13.054,26.416
1/18/2023,0.872,2.026,1.021,1.785,3.16,2.062,2.82,0.787,1.968,2.083,1.276,1.649,1.757,1.826,0.883,2.732,2.297,2.19,1.708,2.345,2.3,2.389,1.974,1.05,10.012,11.144,23.804
1/19/2023,0.742,1.673,1.26,2.412,2.613,2.701,1.891,1.771,2.216,2.142,2.688,1.918,2.108,2.987,1.964,1.537,2.775,2.837,3.921,2.872,3.437,2.974,1.736,0.871,15.575,13.289,25.182
1/20/2023,1.684,1.42,2.437,1.601,3.185,3.018,2.299,2.824,2.362,1.165,2.809,0.953,2.068,2.448,1.306,1.796,1.443,3.198,2.978,2.274,2.513,2.981,3.051,1.377,15.336,10.014,27.84
1/21/2023,0.926,2.677,1.595,1.165,3.129,3.214,1.599,3.292,1.488,2.609,2.103,0.868,2.703,1.981,1.901,2.41,0.882,3.004,1.918,2.134,2.514,1.907,1.158,1.142,0,0,48.319
1/22/2023,0.933,2.862,1.821,1.211,3.333,3.068,1.555,2.505,1.31,4.222,2.094,2.002,1.98,2.767,2.072,1.668,3.019,1.836,3.201,1.489,2.733,1.939,2.953,0.682,0,0,53.255
1/23/2023,1.112,2.129,1.455,3.084,2.165,3.222,2.517,2.107,2.4,1.924,2.066,2.078,1.114,2.093,1.882,1.854,1.566,2.948,2.717,2.322,2.307,1.759,1.741,1.391,14.162,10.587,25.204
1/24/2023,1.206,1.969,2,2.456,2.786,2.746,2.89,1.535,3.012,1.248,2.285,1.305,3.055,1.364,2.258,1.17,3.71,2.959,2.713,2.958,2.344,1.998,1.36,1.051,13.752,12.862,25.764
1/25/2023,0.918,2.472,1.687,1.387,3.159,2.829,2.841,2.264,2.59,2.136,1.637,2.262,2.348,2.324,2.534,2.448,2.305,3.138,2.864,2.325,2.658,2.955,3.204,1.141,14.629,14.221,27.576
1/26/2023,1.319,3.117,1.077,1.943,2.971,3.13,2.462,2.284,3.208,2.093,1.769,2.084,1.467,2.068,1.285,1.038,2.493,2.612,3.157,3.25,2.221,2.981,2.711,0.93,15.123,10.435,28.112
1/27/2023,0.66,2.032,1.159,2.867,2.443,3.077,3.157,1.799,2.48,2.843,1.029,1.004,2.216,0.868,2.462,1.892,1.494,3.276,2.049,1.872,2.136,2.651,1.63,1.479,13.476,9.936,25.163
1/28/2023,1.815,2.014,2.315,1.035,3.084,2.445,2.469,2.116,1.78,2.378,1.963,0.654,1.906,1.699,1.786,1.535,1.399,2.266,2.319,2.067,2.041,2.211,3.249,1.448,0,0,47.994
1/29/2023,1.621,2.117,1.549,1.709,2.995,3.122,3.169,1.736,3.232,2.212,1.69,2.58,1.371,2.538,1.497,1.523,1.93,1.12,2.567,2.803,3.701,2.389,2.4,1.15,0,0,52.721
1/30/2023,2.421,1.344,2.904,0.729,0.751,0.774,0.707,2.162,2.279,3.371,2.285,2.442,2.379,1.483,2.214,2.692,3.779,2.698,3.624,3.072,2.837,3.185,2.02,0.883,16.419,14.989,21.627
1/31/2023,2.61,1.856,2.467,3.074,3.144,3.324,0.947,1.181,0.732,0.749,3.029,1.865,2.049,2.199,1.528,2.362,3.018,2.098,4.571,2.782,3.411,1.499,1.187,0.951,12.36,13.021,27.252
2/1/2023,0.821,0.634,0.647,0.654,0.796,0.897,0.782,0.98,1.121,0.832,2.989,1.96,2.805,2.324,2.646,0.865,2.685,2.744,3.83,3.031,2.774,2.888,2.021,1.211,12.496,13.285,17.156
2/2/2023,2.695,1.71,2.558,2.33,3.236,3.234,2.414,2.454,2.43,2.556,2.272,2.088,2.146,2.088,1.395,2.132,1.567,1.53,2.558,3.058,3.413,4.149,2.502,1.982,13.8,11.416,33.281
2/3/2023,1.276,0.759,0.694,0.69,0.786,0.983,0.794,0.798,0.837,1.194,0.964,1.023,1.13,1.061,1.188,1.438,1.212,1.249,1.467,1.725,1.711,1.369,1.47,1.1,6.509,7.052,13.357
2/4/2023,1.112,0.955,0.924,0.967,1.11,0.987,0.907,0.926,0.79,1.119,0.853,0.823,0.724,0.701,0.692,3.168,2.324,1.723,3.442,3.415,2.449,3.222,2.401,0.94,0,0,36.674
2/5/2023,2.712,1.604,3.15,1.397,3.051,3.166,3.266,1.695,3.27,1.198,1.846,1.928,1.753,1.091,2.001,1.916,3.158,3.083,1.769,2.692,3.09,2.029,1.634,1.245,0,0,53.744
2/6/2023,1.066,2.284,1.416,0.571,3.146,3.206,1.769,2.491,1.272,2.852,2.042,0.818,2.907,0.767,1.34,1.494,1.511,2.727,4.619,1.848,2.106,4.385,3.928,1.194,16.003,8.837,26.919
2/7/2023,0.997,0.689,3.043,0.955,3.094,2.638,1.648,3.606,1.189,2.986,1.943,0.856,2.817,1.034,0.77,1.034,2.934,0.959,2.306,1.964,1.13,1.295,2.486,0.664,12.989,9.445,20.603
2/8/2023,0.579,0.586,3.073,0.604,2.889,2.568,1.695,1.658,0.898,2.445,1.06,0.522,2.685,0.53,0.495,0.668,0.594,1.887,2.337,1.235,1.132,1.135,1.39,1.088,10.285,5.494,17.974
2/9/2023,0.663,2.103,1.706,0.934,3.159,3.435,1.104,2.815,1.392,3.311,1.532,3.18,1.414,2.755,1.577,2.436,2.324,1.122,1.978,2.063,2.154,1.955,1.827,0.815,12.15,13.686,21.918
2/10/2023,0.581,1.108,1.072,1.675,2.545,1.743,1.718,2.284,1.65,1.44,1.771,1.589,1.624,1.88,1.251,1.429,2.386,1.471,2.505,2.279,3.473,1.157,2.502,1.18,11.121,10.159,21.033
2/11/2023,1.697,1.196,2.79,1.64,3.244,1.94,2.459,2.238,2.674,2.096,1.888,2.009,1.877,1.408,1.592,0.563,0.765,2.887,1.668,1.467,2.081,1.979,2.117,1.475,0,0,45.75
2/12/2023,1.197,1.252,2.159,1.978,2.854,1.905,2.377,2.981,1.971,1.696,1.399,1.927,1.175,1.006,0.551,1.133,1.086,1.407,1.62,2.837,2.363,2.531,1.993,1.328,0,0,42.726
2/13/2023,0.738,1.684,1.65,1.494,3.163,3.179,2.523,2.43,3.095,1.028,2.728,1.132,1.49,0.608,1.668,0.684,1.124,2.027,2.133,2.728,2.315,1.763,2.512,1.049,13.441,6.706,24.798
2/14/2023,0.989,0.553,1.86,0.585,3.088,2.476,2.643,2.044,2.405,1.036,1.471,1.035,1.781,0.679,1.679,0.67,0.821,1.084,2.098,1.079,1.545,2.452,1.543,0.648,10.138,6.665,19.461
2/15/2023,0.502,1.674,0.506,1.644,2.335,1.796,1.956,1.05,1.647,1.243,2.097,0.973,0.645,1.708,0.799,0.771,0.866,1.991,1.634,1.548,1.951,1.5,1.112,0.809,9.662,5.762,17.333
2/16/2023,0.82,0.537,1.55,0.456,2.907,1.542,1.35,2.62,1.475,1.497,1.405,1.826,1.626,2.085,2.089,0.944,2.901,1.462,3.775,2.236,2.133,2.278,2.365,0.791,12.234,11.471,18.965
2/17/2023,0.558,2.56,0.671,2.421,2.732,3.261,1.917,1.694,2.432,2.08,1.769,2.596,2.814,1.306,2.096,0.844,1.962,3.001,3.03,2.101,2.462,2.794,3.218,1.297,14.006,11.618,25.992
2/18/2023,1.144,2.837,2.884,2.71,2.503,2.937,2.915,2.935,2.978,1.917,1.731,2.437,2.262,2.318,1.74,2.319,2.65,1.337,2.3,3.025,2.291,1.285,2.271,1.012,0,0,54.738
2/19/2023,2.248,1.736,2.208,1.627,3.08,3.28,2.245,3.156,1.845,1.651,2.036,2.073,0.885,1.955,1.471,1.551,1.601,1.596,1.204,1.747,1.682,1.845,1.581,0.647,0,0,44.95
2/20/2023,0.601,1.634,0.773,1.473,2.042,1.781,1.531,2.1,0.594,1.318,1.387,1.4,0.741,1.061,1.024,1.172,1.359,1.317,2.237,2.733,1.213,3.111,1.275,1.25,0,0,35.127
2/21/2023,1.76,2.076,2.021,1.883,3.238,3.281,2.014,2,2.99,1.499,2.393,0.867,1.648,0.841,2.424,0.977,1.858,2.283,2.37,2.527,2.501,1.921,1.387,0.811,13.535,8.615,25.42
2/22/2023,0.667,2.136,1.322,1.68,3.017,2.285,2.193,2.078,2.302,1.755,2.892,1.221,1.465,2.876,2.036,1.967,2.644,2.981,3.129,3.656,2.471,3.87,3.099,0.83,15.137,12.209,27.226
2/23/2023,2.399,2.805,2.914,1.521,2.979,1.838,3.273,3.083,3.061,3.061,3.101,2.476,3.555,1.655,3.337,2.506,3.128,2.486,3.647,3.033,2.834,2.344,2.633,0.521,18.439,16.657,29.094
2/24/2023,1.335,3.1,0.833,3.088,3.474,2.175,2.802,0.841,1.137,0.786,0.816,1.004,1.218,1.175,0.973,1.108,1.441,2.485,2.407,1.342,0.96,1.1,1.266,1.035,8.472,6.919,22.51
2/25/2023,1.458,0.691,0.533,1.047,2.006,0.612,0.659,0.771,0.57,2.725,3.57,0.737,2.237,2.318,1.604,1.638,0.608,3.075,2.006,2.268,2.417,2.816,2.424,1.454,0,0,40.244
2/26/2023,0.668,1.832,1.013,2.073,3.078,2.369,2.464,1.735,1.63,1.401,2.498,1.542,1.285,1.132,1.544,1.69,0.705,2.165,1.672,2.57,2.943,3.423,3.172,1.694,0,0,46.298
2/27/2023,1.972,1.248,2.576,1.588,3.001,3.157,3.257,1.71,3.643,1.484,2.291,1.32,2.541,1.802,2.061,2.139,3.065,2.507,3.354,2.643,3.888,2.418,3.495,0.598,14.989,12.928,29.841
2/28/2023,1.888,2.615,1.55,2.735,2.652,3.304,2.51,2.474,2.858,1.224,2.117,2.118,0.631,2.862,0.951,1.657,2.358,1.992,2.129,1.132,1.922,2.208,2.507,0.633,12.794,10.577,25.656
3/1/2023,0.56,2.208,1.063,2.647,2.335,3.472,2.335,2.542,2.643,2.053,2.06,2.251,2.663,0.731,2.225,1.113,3.213,1.279,2.769,1.425,3.061,1.794,1.853,0.944,13.346,12.196,23.697
3/2/2023,1.201,1.226,2.598,0.573,2.925,3.398,2.065,1.627,1.798,2.944,0.524,2.2,0.978,0.775,0.878,1.51,2.102,1.433,2.167,2.713,1.754,1.467,1.71,0.977,10.493,8.443,22.607
3/3/2023,1.988,1.453,1.735,1.581,2.866,2.949,3.076,1.917,2.142,2.274,1.273,1.629,2.147,2.103,0.64,2.778,1.985,2.331,1.565,3.244,3.651,3.243,2.129,1.155,11.502,11.282,29.07
3/4/2023,2.033,2.665,1.064,2.943,2.303,2.871,2.916,2.128,1.788,2.497,2.065,0.857,1.536,0.742,2.714,0.722,0.883,0.826,1.185,1.99,2.754,1.832,1.14,1.05,0,0,43.504
3/5/2023,0.556,2.214,0.751,1.759,2.879,2.923,1.652,1.467,2.131,1.821,0.868,1.983,1.149,1.053,2.206,1.08,1.059,1.025,1.435,1.778,2.559,1.463,2.086,1.002,0,0,38.899
3/6/2023,0.658,2.418,0.736,2.394,3.201,1.698,3.019,1.99,1.989,2.814,1.4,0.765,1.899,0.66,1.699,0.918,1.184,1.856,2.275,2.624,2.052,2.299,2.219,0.786,12.324,7.125,24.104
3/7/2023,0.64,2.087,0.962,1.891,3.27,1.961,2.396,2.188,1.637,2.36,1.978,2.093,1.347,0.885,1.896,0.781,0.875,1.345,2.338,1.719,1.985,3.159,1.661,0.928,11.846,7.877,22.659
3/8/2023,1.297,1.487,2.28,1.336,3.374,2.212,2.581,1.198,2.263,1.678,2.233,1.391,1.22,1.554,0.687,0.595,1.177,1.204,2.163,0.99,2.419,1.704,2.513,1.143,10.739,6.624,23.336
3/9/2023,1.061,2.32,2.079,0.705,3.206,3.136,1.767,1.643,2.072,0.908,0.877,2.581,1.006,0.521,0.642,0.671,0.58,2.155,1.341,1.656,1.742,2.468,2.002,0.43,8.996,6.001,22.572
3/10/2023,0.624,1.693,2.46,1.587,2.435,2.86,2.103,1.744,1.856,2.187,1.512,1.586,1.906,1.773,1.267,2.434,1.643,2.743,1.465,3.1,1.189,2.479,1.89,0.46,11.507,10.609,22.88
3/11/2023,1.464,1.033,2.836,1.388,3.035,3.178,1.376,2.836,1.86,0.628,1.724,1.734,1.135,1.64,1.882,0.879,1.55,2.93,2.052,1.709,2.033,1.721,1.711,1.019,0,0,43.353
3/12/2023,0.6,0,1.874,1.556,3.048,1.983,2.109,2.64,2.197,1.67,1.844,0.96,2.454,1.847,2.051,0.698,1.767,2.324,1.027,2.444,2.192,2.295,1.613,1.794,0,0,42.987
3/13/2023,1.025,1.664,1.589,1.385,2.332,2.149,1.98,1.895,2.251,1.819,1.197,1.517,1.701,1.346,0.911,0.924,1.03,0.596,2.316,2.153,1.889,2.398,2.171,0.811,10.074,7.429,21.546
3/14/2023,0.703,2.048,1.601,0.928,2.953,2.99,2.134,2.028,2.032,2.046,2.017,1.396,1.878,0.907,1.988,1.835,1.809,0.776,2.281,1.911,1.801,2.607,1.608,1.12,11.18,9.813,22.404
3/15/2023,2.024,0.91,1.829,2.288,2.66,2.039,2.954,2.033,1.6,2.34,1.17,2.036,1.286,1.196,0.82,1.124,1.152,0.997,2.49,1.696,1.602,2.672,2.698,0.858,10.63,7.614,24.23
3/16/2023,0.632,1.858,0.974,1.357,3.315,1.602,1.917,2.47,2.024,1.527,0.87,1.715,1.456,0.448,0.465,0.494,0.464,0.745,1.564,1.043,1.001,1.766,1.212,0.678,9.2,5.042,17.355
3/17/2023,0.477,0.441,0.728,1.263,2.55,2.255,1.76,0.835,2.066,0.853,0.853,1.001,2.568,1.215,0.946,0.73,2.116,1.617,1.899,1.975,1.263,1.552,1.025,1.433,8.123,8.576,16.722
3/18/2023,0.775,0.771,2.229,1.2,2.352,2.2,1.811,2.786,1.256,1.284,2.267,1.185,2.061,2.166,1.036,1.778,0.739,1.145,1.891,2.658,2.933,2.542,2.467,0.881,0,0,42.413
3/19/2023,1.803,2.972,1.28,3.054,2.209,2.912,2.993,2.884,1.749,2.533,1.696,1.713,2.301,2.212,1.756,1.841,0.654,1.939,2.324,1.964,2.601,2.193,1.345,1.078,0,0,50.006
3/20/2023,1.014,2.012,1.474,1.835,2.898,1.961,2.328,2.167,2.089,0.877,2.177,0.981,1.191,0.922,2.226,0.772,1.293,1.19,1.361,1.416,1.375,1.428,1.059,0.604,9.861,7.385,19.404
3/21/2023,0.597,0.533,1.805,0.631,2.718,1.467,1.907,1.867,1.632,0.767,0.974,1.103,0.559,1.372,0.521,0.45,0.907,0.851,2.411,1.151,1.161,1.159,1.252,0.514,8.502,4.912,14.895
3/22/2023,0.485,1.665,0.453,1.756,2.643,1.933,1.802,1.882,1.702,2.866,1.37,1.873,0.628,2.082,0.583,1.73,1.369,1.431,2.8,1.54,1.333,1.227,1.601,0.591,12.051,8.265,17.029
3/23/2023,0.501,1.281,0.472,1.971,1.882,1.397,1.579,0.966,2.192,1.505,1.761,1.002,1.059,1.352,1.344,0.833,1.73,1.276,1.794,2.038,2.051,1.73,1.047,0.623,9.494,7.32,16.572
3/24/2023,1.017,1.444,2.309,0.665,3.11,2.082,2.632,1.747,1.791,1.71,1.376,0.628,1.593,0.457,0.714,2.585,0.982,1.009,0.997,1.347,1.304,1.826,3.174,2.099,8.63,6.959,23.009
3/25/2023,1.784,0.737,1.21,1.433,2.549,1.535,1.85,2.302,1.82,2.559,2.286,1.855,1.723,2.391,2.529,1.983,1.674,0.892,1.717,1.735,1.723,1.677,1.72,1.04,0,0,42.724
3/26/2023,1.114,2,1.308,2.215,2.94,2.11,2.221,1.993,0.874,1.644,0.939,1.061,1.705,0.889,0.733,0.614,0.754,1.07,2.213,1.107,1.16,1.554,1.301,0.85,0,0,34.369
3/27/2023,0.566,0.554,0.47,1.625,1.388,2.574,1.554,1.57,2.471,1.185,1.812,1.742,1.268,1.252,0.879,1.985,1.574,1.538,2.682,1.444,1.786,2.237,1.952,0.747,11.258,8.7,16.897
3/28/2023,0.601,2.215,0.54,2.296,2.492,2.346,2.025,1.809,1.593,0.489,1.406,0.426,1.423,0.604,1.018,0.528,0.64,1.33,2.09,0.836,1.134,0.951,0.651,0.545,8.717,4.639,16.632
3/29/2023,0.464,0.427,2.494,0.456,3.145,1.4,2.189,1.715,0.557,1.682,0.871,0.567,0.719,1.795,0.484,2.622,2.325,1.121,2.308,2.466,2.121,2.073,0.946,0.683,8.254,8.512,18.864
3/30/2023,1.779,1.392,1.33,1.822,3.032,2.917,2.496,1.749,2.913,0.895,2.06,0.749,1.665,0.627,1.849,0.524,0.715,0.579,1.976,1.165,2.103,2.939,2.166,1.03,10.172,6.129,24.171
3/31/2023,0.555,1.805,0.798,1.504,3.061,2.388,1.954,1.843,1.895,2.486,1.406,2.118,2.092,1.184,1.51,1.409,1.882,1.825,1.342,1.933,1.918,1.417,2.21,0.936,10.797,10.195,20.479
4/1/2023,0.882,0.541,1.55,0.466,3.08,1.396,1.745,1.669,1.493,0.847,0.994,0.599,0.482,0.468,0.453,1.601,1.025,1.04,1.109,1.895,2.491,1.194,1.309,1.475,0,0,29.804
4/2/2023,1.104,1.95,0.82,1.52,3.111,2.136,2.164,1.865,1.971,0.82,0.802,0.615,1.901,0.766,0.504,1.34,0.664,0.702,0.467,0.936,1.551,2.121,1.38,0.922,0,0,32.132
4/3/2023,0.479,0.758,1.248,1.616,2.512,1.19,2.44,1.817,0.815,1.362,0.54,1.413,0.587,0.627,1.608,0.832,0.963,1.271,1.286,2.798,1.538,1.835,1.224,0.822,7.091,6.03,18.46
4/4/2023,0.522,0.471,0.457,1.254,1.247,2.589,0.629,2,0.736,2.114,0.472,1.047,1.167,0.359,0.494,0.917,0.94,1.257,1.071,0.921,0.934,1.755,1.032,0.828,7.65,4.924,12.639
4/5/2023,0.482,0.453,0.463,2.068,1.958,1.636,1.49,1.453,0.636,1.443,2.007,0.922,0.757,0.747,1.59,1.633,0.91,1.077,3.116,1.937,1.54,1.567,1.178,0.949,9.732,6.559,15.721
4/6/2023,0.641,0.466,0.537,1.629,1.621,1.424,0.682,2.234,0.737,0.939,1.036,0.45,0.365,1.724,0.325,0.332,0.433,1.047,1.095,0.91,1.095,1.382,1.229,0.881,7.088,3.629,12.497
4/7/2023,0.515,0.634,1.945,0.496,3.287,1.086,2.944,0.503,2.2,0.68,1.25,0.497,2.068,0.766,0.502,0.885,1.083,1.04,1.942,1.451,1.058,1.614,2.115,1.343,0,0,31.904
4/8/2023,1.84,1.406,2.859,0.707,3.363,3.381,1.941,2.738,0.684,0.876,0.914,0.84,1.042,2.04,0.652,0.864,0.565,0.547,0.623,1.219,3.031,1.207,2.741,1.231,0,0,37.311
4/9/2023,0.971,0.553,0.691,2.33,2.214,2.497,1.537,2.243,1.07,1.248,0.925,0.791,0.509,0.587,0.507,0.479,1.142,1.206,0.704,0.663,0.685,1.011,2.667,1.615,0,0,28.845
4/10/2023,0.997,0.703,0.46,0.532,3.207,2.221,1.705,1.741,0.507,1.618,0.642,0.882,0.71,0.43,0.547,1.264,1.216,1.699,1.856,1.277,1.044,1.208,1.146,0.96,8.063,5.049,15.46
4/11/2023,0.642,0.486,0.424,0.425,0.429,1.995,0.586,0.813,0.788,1.79,0.422,0.37,0.427,0.402,0.477,0.631,0.499,0.883,0.928,0.889,0.991,0.973,0.952,0.694,5.624,2.806,9.486
4/12/2023,0.551,0.435,0.431,0.45,0.405,0.754,0.474,0.779,0.507,0.475,0.491,0.461,0.527,0.444,0.513,0.384,0.411,0.711,1.048,1.124,1.134,1.468,1.349,0.603,4.011,2.74,9.178
4/13/2023,0.596,0.521,0.524,0.43,0.451,0.468,0.451,0.785,0.834,0.762,0.907,0.651,0.625,0.686,1.124,2.565,2.742,2.814,3.726,2.77,2.509,1.035,1.12,2.157,9.828,8.393,13.032
4/14/2023,1.981,1.913,0.716,0.596,0.634,0.877,0.516,0.809,0.626,0.721,1.14,0.605,0.578,1.458,1.203,0.731,1.701,2.65,2.688,1.896,2.232,2.024,1.603,1.464,8.634,6.276,16.452
4/15/2023,1.843,1.145,0.923,0.883,0.53,0.563,0.678,0.915,0.686,0.694,0.781,0.843,0.83,0.869,1.129,1.137,1.059,2.453,1.206,0.569,0.596,0.635,0.681,2.18,0,0,23.828
4/16/2023,1.924,1.789,1.196,0.53,0.51,0.553,0.569,0.621,0.944,0.807,0.893,1.098,0.791,0.593,1.634,1.543,2.949,2.721,2.411,1.292,1.699,1.386,1.043,1.754,0,0,31.25
4/17/2023,0.513,0.473,0.447,0.459,0.465,0.492,0.467,0.982,0.793,0.595,0.84,0.889,0.846,0.563,0.632,0.81,0.856,0.868,1.5,1.155,4.467,2.722,1.089,0.787,5.578,4.596,13.536
4/18/2023,0.518,0.496,0.436,0.444,1.739,3.538,3.052,2.187,2.27,2.891,0.999,2.995,1,1.286,2.944,0.753,0.853,0.841,2.437,3.606,1.14,2.658,0.848,0.886,11.625,9.831,19.361
4/19/2023,0.619,0.528,0.497,1.654,2.307,3.463,3.058,1.323,3.426,1.791,2.124,1.499,1.71,1.384,0.611,0.472,0.528,0.697,0.948,1.232,1.957,1.486,0.918,0.641,10.309,6.204,18.36
4/20/2023,0.481,0.466,0.456,0.404,0.803,3.176,2.909,2.783,1.574,2.681,0.479,0.735,1.781,0.596,0.485,0.645,0.536,0.594,1.505,1.049,0.997,1.096,0.749,0.531,9.616,4.778,13.117
4/21/2023,0.538,0.587,0.612,0.524,0.455,3.076,0.587,0.854,2.71,0.515,1.437,0.958,0.456,0.464,0.538,0.57,0.666,0.597,0.808,0.819,1.349,1.346,0.907,0.704,6.921,3.652,11.504
4/22/2023,0.615,0.795,0.511,0.509,0.508,0.559,0.531,0.546,2.43,1.083,1.508,2.424,0.734,1.779,2.281,0.811,1.28,2.388,0.599,0.415,0.513,2.293,0.787,0.6,0,0,26.499
4/23/2023,0.832,0.643,0.446,0.48,0.76,3.16,1.045,0.486,2.079,0.998,0.803,1.982,0.576,0.623,1.721,2.288,1.214,1.497,1.726,1.883,3.394,2.088,1.082,0.807,0,0,32.613
4/24/2023,0.748,0.463,0.422,0.418,0.83,3.511,3.084,1.344,2.987,3.069,0.768,1.388,1.491,0.538,0.595,0.787,0.842,0.853,1.74,1.026,2.145,2.285,0.731,0.599,10.761,5.641,16.262
4/25/2023,0.526,0.44,0.404,0.424,0.841,3.4,3.03,3.378,1.179,1.617,1.099,0.421,2.247,0.397,0.537,0.527,0.7,0.705,1.275,0.936,1.075,3.014,1.308,0.765,9.253,4.829,16.163
4/26/2023,0.638,0.485,0.494,0.424,0.784,3.388,3.068,3.514,2.568,0.692,2.278,0.478,1.546,1.691,1.013,0.428,1.014,1.666,0.977,1.03,2.165,1.879,1.119,0.848,11.695,6.17,16.322
4/27/2023,0.707,0.544,0.491,0.473,0.782,3.316,3.151,1.697,0.778,2.441,0.559,0.478,0.437,0.471,0.503,0.448,0.445,0.587,0.574,1.042,0.994,0.995,1.072,0.968,6.636,2.782,14.535
4/28/2023,0.581,0.441,0.439,0.442,0.45,0.458,0.63,0.825,1.198,2.565,0.668,0.894,2.618,0.779,0.895,0.752,0.386,0.376,1.455,1.105,1.159,1.037,0.958,0.826,7.087,6.324,8.526
4/29/2023,0.782,0.687,0.543,0.492,0.493,3.102,0.855,1.144,1.858,0.774,3.141,0.915,1.726,3.011,1.247,1.906,1.572,0.936,0.778,1.214,2.917,1.364,1.219,0.857,0,0,33.533
4/30/2023,0.573,0.502,0.475,0.469,0.454,2.316,0.772,0.65,2.28,0.651,2.389,0.671,0.759,1.481,0.476,2.07,0.931,0.805,1.079,2.328,0.919,2.179,1.803,0.78,0,0,27.812
5/1/2023,0.794,0.584,0.437,0.471,0.451,0.487,2.05,2.083,1.323,2.657,0.578,1.023,1.543,0.593,1.222,1.891,0.913,1.046,1.595,1.202,1.063,1,1.134,0.676,7.185,9.282,10.349
5/2/2023,0.479,0.429,0.48,0.479,0.668,3.169,1.726,1.5,2.186,0.52,2.844,0.668,1.778,1.781,0.814,2.436,0.629,1.395,2.551,0.911,1.034,1.132,0.896,0.755,8.106,10.996,12.158
5/3/2023,0.619,0.505,0.448,0.427,0.446,3.39,3.164,1.465,2.042,1.698,2.062,1.491,1.438,2.09,0.946,1.136,1.356,2.039,1.684,1.032,1.174,1.058,0.962,0.895,8.457,10.99,14.12
5/4/2023,0.594,0.552,0.544,0.494,0.546,0.587,0.554,1.048,3.204,0.535,1.712,0.764,0.497,0.664,0.554,2.081,0.719,1.018,1.027,1.117,1.165,1.178,0.892,0.838,5.279,8.544,9.061
5/5/2023,0.669,0.555,0.497,0.501,0.722,2.986,0.998,1.29,2.165,0.671,1.863,0.688,0.495,0.509,0.5,0.47,0.525,0.79,2.03,1.062,1.081,1.109,0.781,0.744,3.187,8.809,11.705
5/6/2023,0.724,0.607,0.564,0.508,0.545,0.6,1.113,1.61,1.156,0.684,0.719,2.24,0.982,0.455,0.433,0.472,0.469,0.465,0.48,1.354,1.211,1.079,0.839,0.827,0,0,20.136
5/7/2023,0.657,0.54,0.476,0.458,0.474,0.462,0.474,0.767,0.819,0.84,1.092,0.96,0.823,0.884,0.781,0.733,0.598,1.032,1.048,1.005,0.935,0.892,0.877,0.577,0,0,18.204
5/8/2023,0.544,0.493,0.48,0.555,0.536,0.554,0.52,0.964,0.66,2.764,1.602,1.06,0.552,0.539,0.557,0.75,0.963,1.353,1.729,0.987,1.178,1.309,1.122,0.613,4.421,9.072,8.891
5/9/2023,0.556,0.541,0.526,0.487,0.518,0.843,0.55,0.792,0.719,0.779,0.519,0.528,0.468,0.569,0.77,1.197,1.258,1.264,1.202,1.028,1.081,1.096,0.864,0.834,4.79,5.275,8.924
5/10/2023,0.667,0.49,0.52,0.533,0.511,0.81,0.616,0.788,0.608,0.573,0.559,0.577,0.726,0.86,1.039,0.53,0.543,0.926,1.23,0.827,0.963,1.134,1.179,0.878,4.275,4.684,9.128
5/11/2023,0.694,0.52,0.494,0.482,0.489,0.523,0.501,1.025,0.651,0.641,0.543,0.497,0.471,0.464,0.627,0.56,0.957,0.857,1.409,2.357,2.828,1.803,0.963,0.82,3.576,5.126,12.474
5/12/2023,0.802,0.607,1.377,1.01,0.533,0.914,0.55,0.7,0.884,0.851,0.973,1.483,1.753,0.831,1.467,2.316,0.791,0.638,1.574,1.29,1.439,2.232,0.904,0.823,8.641,5.62,12.481
5/13/2023,0.691,0.555,0.503,0.499,0.459,0.552,0.537,0.61,0.58,0.794,0.901,1.176,1.763,0.562,0.585,1.572,1.565,2.039,1.295,0.986,0.941,0.807,0.749,1.309,0,0,22.03
5/14/2023,1.179,0.642,0.571,0.563,0.568,0.673,0.604,0.58,0.609,1.074,0.845,0.651,0.61,0.808,0.718,1.153,1.119,0.944,0.629,0.595,0.676,0.856,1.149,0.853,0,0,18.669
5/15/2023,0.645,0.64,0.646,0.592,0.629,0.929,0.823,0.792,0.788,0.685,0.628,0.614,0.601,0.727,0.863,0.745,0.8,0.717,1.891,1.041,1.229,1.285,1.027,0.733,4.35,5.501,10.219
5/16/2023,0.681,0.629,0.658,0.668,0.664,1.072,0.937,1.016,0.719,0.901,0.695,0.66,0.597,0.612,0.656,0.954,0.894,1.151,1.138,1.216,1.541,1.547,1.201,0.723,4.373,5.62,11.537
5/17/2023,0.692,0.655,0.636,0.626,0.634,0.943,0.697,0.874,0.859,0.725,0.703,0.687,0.791,0.83,1.006,0.901,0.808,0.894,0.992,1.159,1.227,1.125,1.279,0.844,5.023,5.047,10.517
5/18/2023,0.878,0.745,0.912,2.231,2.673,1.249,2.372,1.627,0.903,0.682,0.543,0.54,0.53,0.529,0.554,0.543,0.582,0.675,0.571,0.608,0.853,1.156,1.07,1.084,3.278,5.001,15.831
5/19/2023,0.908,0.792,0.62,0.576,1.81,1.889,0.82,0.822,0.926,0.784,0.735,0.702,0.821,0.791,0.824,1.048,1.102,0.981,0.7,1.009,1.225,1.148,1.143,1.22,5.288,4.948,13.16
5/20/2023,0.906,0,0,0,0,0,0,0,0,0,0,0,0,0,0,0,0,0,0,0,0,0,0,0,0,0,0.906
5/20/2023,0.906,1.052,1.148,0.592,0.616,0.803,0.75,0.635,0.644,0.843,1.369,1.062,0.969,0.881,0.774,0.8,0.866,1.11,0.84,1.077,1.107,1.127,1.133,0.883,0,0,21.987
5/21/2023,0.766,0.723,0.685,0.714,0.645,0.837,0.757,0.621,0.662,0.997,1.211,1.048,0.668,0.676,0.741,0.756,1.246,0.905,0.899,1.075,0.914,0.923,1.037,0.978,0,0,20.484
5/22/2023,0.83,0.732,0.722,0.706,0.719,0.719,0.76,0.706,0.71,1.216,1.032,0.965,1.023,0.691,0.836,1.417,1.218,1.164,1.426,1.086,1.116,0.995,0.978,0.81,0,0,22.577
5/23/2023,0.639,0.523,0.567,0.541,0.575,0.879,0.686,1.064,0.893,0.592,0.612,0.532,0.561,0.512,0.762,0.759,0.721,0.772,1.859,1.003,1.091,1.927,1.027,0.904,3.847,5.792,10.362
5/24/2023,0.652,0.538,0.532,0.54,0.554,0.759,0.575,0.835,0.832,0.58,0.538,0.56,0.697,0.738,1.057,0.716,0.722,0.822,1.257,1.112,1.063,1.365,0.949,1.046,4.49,4.864,9.685
5/25/2023,0.715,0.625,0.651,0.631,0.66,0.668,0.604,1.204,0.902,0.651,0.566,0.6,0.8,0.737,0.493,0.495,0.752,0.81,0.93,0.987,1.151,1.257,1.124,0.932,3.877,5.063,10.005
5/26/2023,0.86,0.671,0.585,0.633,0.646,1.032,0.737,1.079,0.906,0.715,1.048,0.712,0.878,0.862,0.763,0.563,0.81,0.879,0.766,0.543,0.598,0.617,0.623,0.642,4.588,5.393,8.187
5/27/2023,0.861,0.713,0.601,0.6,0.611,0.656,0.642,0.668,0.658,0.695,1.005,1.196,1.391,1.002,0.65,0.734,1.06,1.377,1.643,0.886,0.739,0.746,0.884,1.363,0,0,21.381
5/28/2023,0.977,0.61,0.604,0.618,0.626,0.605,0.58,0.602,0.63,0.757,1.269,1.192,0.612,0.758,1.654,1.573,2.186,2.965,2.338,0.702,0.951,2.307,1.983,1.384,0,0,28.483
5/29/2023,1.382,0.635,1.223,0.764,0.632,0.968,0.724,1.029,0.791,1.055,1.12,0.713,0.816,0.641,1.938,0.84,2.757,2.96,2.443,2.838,1.324,2.621,2.241,1.944,7.705,9.398,17.296
5/30/2023,0.713,1.576,0.68,1.087,0.906,1.812,0.729,0.913,0.799,0.969,0.812,0.726,0.701,0.666,0.868,2.722,1.436,2.316,2.45,1.084,2.486,2.232,2.547,2.372,7.119,8.259,18.224
5/31/2023,2.055,1.271,1.385,0.822,1.432,0.935,1.071,0.875,0.778,0.68,0.651,0.765,0.712,0.82,1.684,1.685,1.836,2.675,1.353,3.066,2.926,2.753,2.569,2.384,7.502,7.012,22.669
6/1/2023,1.348,1.525,0.707,1.424,0.58,1.257,0.577,0.978,0.665,0.658,0.653,0.601,0.588,0.61,0.696,2.316,0.878,2.764,1.366,2.445,2.919,2.749,2.635,2.33,5.689,7.084,20.496
6/2/2023,2.208,1.947,1.032,1.478,1.147,1.121,1.096,0.796,1.008,0.702,0.985,1.231,1.2,0.572,0.584,1.327,1.851,0.575,2.701,3.132,2.131,2.491,2.506,2.35,6.765,6.767,22.639
6/3/2023,2.212,2.025,0.991,1.662,0.939,1.533,0.73,0.602,0.673,0.905,0.847,0.694,0.721,0.508,0.52,0.487,1.057,1.477,0.525,0.804,1.075,1.305,1.179,1.022,0,0,24.493
6/4/2023,0.82,0.611,0.613,0.612,0.584,0.566,0.604,0.583,0.855,1.211,1.094,0.741,0.576,0.866,0.742,0.79,0.625,0.824,0.71,0.664,0.74,1.109,1.078,0.865,0,0,18.483
6/5/2023,0.742,0.608,0.585,0.569,0.592,0.596,0.78,0.881,1.066,0.818,0.625,0.635,0.609,0.73,0.685,0.798,0.83,0.947,1.718,1.167,1.024,1.086,1.03,1.012,4.287,6.055,9.791
6/6/2023,0.896,0.591,0.565,0.569,0.585,0.802,0.667,0.847,0.88,0.71,0.788,0.552,0.551,0.559,0.665,0.76,0.7,0.884,0.961,1.018,1.438,1.568,1.288,0.988,3.787,5.07,10.975
6/7/2023,0.855,0.796,0.726,0.647,0.655,0.85,0.645,0.821,0.874,0.708,0.654,0.663,0.749,0.796,0.531,0.56,0.571,0.831,1.619,1.32,1.231,1.134,1.16,1.112,3.87,5.507,11.131
6/8/2023,0.789,0.728,0.667,0.679,0.662,0.703,0.694,1.061,1.193,0.871,0.648,0.631,0.559,0.58,0.715,0.877,0.634,0.707,1.59,1.503,1.199,1.18,1.065,0.956,3.996,6.07,10.825
6/9/2023,0.789,0.588,0.611,0.599,0.628,0.865,0.578,0.743,1.075,0.755,0.901,0.944,0.73,0.738,0.709,0.634,0.798,1.407,1.265,0.839,0.998,1.101,1.061,0.853,4.553,6.146,9.51
6/10/2023,0.63,0.581,0.56,0.55,0.557,0.58,0.564,0.537,0.803,0.893,0.827,1.011,0.719,0.586,0.753,0.813,1.082,0.983,0.636,0.696,0.687,0.704,0.825,1.103,0,0,17.68
6/11/2023,0.843,0.613,0.588,0.601,0.582,0.556,0.547,0.553,0.548,0.725,1.291,0.759,0.61,0.616,1.086,1.204,1.136,1.575,1.11,0.745,0.751,0.77,0.794,0.9,0,0,19.503
6/12/2023,0.87,0.679,0.648,0.642,0.664,0.706,0.646,0.813,0.887,0.676,0.642,0.798,1.231,0.712,0.727,0.854,0.747,0.862,1.819,1.01,1.276,1.741,1.809,0.821,5.069,5.699,11.512
6/13/2023,0.562,0.51,0.518,0.518,0.517,0.57,0.543,0.968,0.841,0.642,0.574,0.551,0.638,0.666,0.776,0.69,0.523,0.536,0.884,1.024,1.145,1.082,1.047,1.021,3.844,4.445,9.057
6/14/2023,0.72,0.549,0.532,0.5,0.506,0.559,0.52,0.792,0.759,0.863,0.747,0.677,0.767,0.553,0.553,0.59,0.643,0.58,1.696,1.028,1.087,1.017,1.062,0.992,3.783,5.437,9.072
6/15/2023,0.654,0.651,0.604,0.551,0.569,0.574,0.543,0.955,0.584,0.577,0.592,0.57,0.57,0.591,0.614,0.711,0.994,0.965,0.655,0.907,1.364,1.472,1.087,1.048,4.05,4.328,10.024
6/16/2023,0.699,0.614,0.566,0.543,0.563,0.59,0.932,0.535,0.862,0.692,0.728,0.941,0.835,0.571,0.536,0.566,0.531,0.537,0.688,0.934,0.839,0.798,1.127,1.097,3.98,4.042,9.302
6/17/2023,1,0.893,0.651,0.574,0.567,0.592,0.588,0.533,1.159,0.695,1.288,1.324,0.69,0.608,0.605,0.69,0.866,0.748,0.623,0.604,0.703,0.736,1.128,1.258,0,0,19.123
6/18/2023,0.985,0.97,0.715,0.601,0.603,0.61,0.896,0.642,0.627,0.824,1.21,0.949,0.701,0.636,0.679,0.612,0.592,0.695,0.988,1.06,1.404,1.7,2.672,2.549,0,0,23.92
6/19/2023,2.103,0,0,0,0,0,0,0,0,0,0,0,0,0,0,0,0,0,0,0,0,0,0,0,0,0,2.103
6/20/2023,0,0,0,0,0,0,0,0,0,0,0,0,0,0,0,0,0,0,0,0,0,0,0,0,0,0,0
